<!DOCTYPE log4j:configuration SYSTEM "log4j.dtd" >
<log4j:configuration>
    <appender name="stderr" class="org.apache.log4j.ConsoleAppender">
        <param name="threshold" value="warn" />
        <param name="target" value="System.err"/>
        <layout class="org.apache.log4j.PatternLayout">
            <param name="ConversionPattern" value="%-5p %d [%t][%F:%L] : %m%n" />
        </layout>
    </appender>
    <appender name="stdout" class="org.apache.log4j.ConsoleAppender">
        <param name="threshold" value="debug" />
        <param name="target" value="System.out"/>
        <layout class="org.apache.log4j.PatternLayout">
            <param name="ConversionPattern" value="%-5p %d [%t][%F:%L] : %m%n" />
        </layout>
        <filter class="org.apache.log4j.varia.LevelRangeFilter">
            <param name="LevelMin" value="debug" />
            <param name="LevelMax" value="info" />
        </filter>
    </appender>
    <root>
        <priority value="debug"></priority>
        <appender-ref ref="stderr" />
        <appender-ref ref="stdout" />
    </root>
</log4j:configuration>